{
	"data": 
			[
				{"tau_k": 0.023333208534895247, "Br": 1.1920019498877195, "hm": 0.03531336499223636, "Lz": 0.032622858761642226},
				{"tau_k": 0.01643289131533321, "Br": 1.9601698622454808, "hm": 0.20404782951255518, "Lz": 0.7583228810493401}
			]
	,"module_tree": {"__class__": "Device", "__module__": "Optimization"}
}