{
	"data": 
			[
				{"tau_k": 0.02396960679136975, "e": 8.111682770992068e-05, "Br": 1.9997323236634066, "hm": 0.0032135050235685483, "ha": 7.345413262674506e-07, "Lz": 0.04999690833725002, "lp": 0.004999749274044616, "lq": 0.004999847343267152}
			]
	,"module_tree": {"__class__": "Device", "__module__": "Optimization"}
}