{
	"data": 
			[
				{"tau_k": 0.011799501000544572, "e": 0.011847960794021664, "Br": 1.7357642081564562, "hm": 0.007478831186528634, "ha": 0.009856565949137759, "Lz": 0.012237479841338543, "lp": 0.0010784693979512118, "lq": 0.0010694806313725923},
				{"tau_k": 0.018651133696432228, "e": 0.00645062544050462, "Br": 1.9785994153825197, "hm": 0.009845516721266894, "ha": 0.002113131998487861, "Lz": 0.049297052414343345, "lp": 0.0049124150634472985, "lq": 0.004684072743707496}
			]
	,"module_tree": {"__class__": "Device", "__module__": "Optimization"}
}