{
	"data": 
			[
				{"tau_k": 0.011393406547499471, "Br": 1.0108686330577332, "hm": 0.7174652609560771, "Lz": 0.10255962687766884}
			]
	,"module_tree": {"__class__": "Device", "__module__": "Optimization"}
}