{
	"data": 
			[
				{"tau_k": 0.46215836464638393, "Br": 1.0426865139707202, "hm": 0.711020139373705, "ha": 0.5052758857040681, "Lz": 0.38293081063912127}
			]
	,"module_tree": {"__class__": "Device", "__module__": "Optimization"}
}