{
	"data": 
			[
				{"tau_k": 0.8805441792859602, "Br": 1.6848044460684883, "hm": 0.898936193837671, "ha": 0.029438663432928225, "Lz": 0.9624472874119291}
			]
	,"module_tree": {"__class__": "Device", "__module__": "Optimization"}
}