{
	"data": 
			[
				{"tau_k": 0.018374569007793724, "e": 0.0058813918298654365, "Br": 1.805464899730362, "hm": 0.009889509206703105, "ha": 0.002932625495758863, "Lz": 0.015364472223829178, "lp": 0.0024911836102500845, "lq": 0.00030892309304435776}
			]
	,"module_tree": {"__class__": "Device", "__module__": "Optimization"}
}