{
	"data": 
			[
				{"tau_k": 0.01114728173997857, "e": 0.011338542667252734, "Br": 1.4154635896595933, "hm": 0.006437433989416257, "ha": 0.008248069057430111, "Lz": 0.041688427201328745, "lp": 0.0002749277507194858, "lq": 0.0014567026118912768}
			]
	,"module_tree": {"__class__": "Device", "__module__": "Optimization"}
}