{
	"data": 
			[
				{"tau_k": 0.35979690180969137, "Br": 1.6644336773559525, "hm": 0.9974906208481639, "ha": 0.675457959286867, "Lz": 0.27752370743473564}
			]
	,"module_tree": {"__class__": "Device", "__module__": "Optimization"}
}