{
	"data": 
			[
				{"tau_k": 0.024208523881551453, "e": 0.006513040546498662, "Br": 1.977683466114791, "hm": 0.0024738818946663534, "ha": 0.004373343602289627, "Lz": 0.04272799264738899, "lp": 0.004807678707531314, "lq": 0.00385675755104312},
				{"tau_k": 0.019933946986932388, "e": 0.00638874664414135, "Br": 1.6769470956230914, "hm": 0.0031621988016987844, "ha": 0.009173169733034538, "Lz": 0.008476383758880577, "lp": 0.004791963842354599, "lq": 0.003106831281154552},
				{"tau_k": 0.010974689007464695, "e": 0.011901206292287945, "Br": 1.864791385342133, "hm": 0.005539920855159291, "ha": 0.009382568885827617, "Lz": 0.005996808095943119, "lp": 0.0025477322274662442, "lq": 0.0017322529310283615},
				{"tau_k": 0.022080533516415243, "e": 0.008042693482787461, "Br": 1.225890230137352, "hm": 0.008720714752519121, "ha": 0.0029526251620978347, "Lz": 0.029239731302022797, "lp": 0.004911549549841696, "lq": 0.0031293050072428675}
			]
	,"module_tree": {"__class__": "Device", "__module__": "Optimization"}
}