{
	"data": 
			[
				{"tau_k": 0.03429697394113296, "Br": 1.4889398184639875, "hm": 0.04445304093543756, "Lz": 0.5924527300122077},
				{"tau_k": 0.6280034350774151, "Br": 1.8657981789742495, "hm": 0.2775821891193022, "Lz": 0.95433485418799},
				{"tau_k": 0.2574269258647378, "Br": 1.7683442126043558, "hm": 0.39325556793179284, "Lz": 0.9350096540380731}
			]
	,"module_tree": {"__class__": "Device", "__module__": "Optimization"}
}