{
	"data": 
			[
				{"tau_k": 0.010824017666406092, "e": 0.011690372203194035, "Br": 1.4046733075920164, "hm": 0.00036902667616754757, "ha": 0.009166184969149489, "Lz": 0.048207768256024845, "lp": 0.0028756887096265, "lq": 0.0008899488069251194}
			]
	,"module_tree": {"__class__": "Device", "__module__": "Optimization"}
}